{
  "modules": {
    "byIdentifier": {
      "multi private-next-pages/_app.js": 0,
      "multi private-next-pages/_document.js": 1,
      "multi private-next-pages/_error.js": 2,
      "multi private-next-pages/admin/lecture/[pid]/update.js": 3,
      "multi private-next-pages/admin/lecture/index.js": 4,
      "multi private-next-pages/admin/lecture/new.js": 5,
      "multi private-next-pages/admin/login.js": 6,
      "multi private-next-pages/admin/p/[pid]/update.js": 7,
      "multi private-next-pages/admin/p/list.js": 8,
      "multi private-next-pages/admin/p/new.js": 9,
      "multi private-next-pages/api/board/create.js": 10,
      "multi private-next-pages/api/board/interest.js": 11,
      "multi private-next-pages/api/board/list.js": 12,
      "multi private-next-pages/api/board/list/[limit].js": 13,
      "multi private-next-pages/api/board/post/[pid].js": 14,
      "multi private-next-pages/api/board/related.js": 15,
      "multi private-next-pages/api/lecture/create.js": 16,
      "multi private-next-pages/api/lecture/list/[limit].js": 17,
      "multi private-next-pages/api/lecture/post/[pid].js": 18,
      "multi private-next-pages/api/lecture/related.js": 19,
      "multi private-next-pages/api/user/login.js": 20,
      "multi private-next-pages/api/user/logout.js": 21,
      "multi private-next-pages/index.js": 22,
      "multi private-next-pages/list.js": 23,
      "multi private-next-pages/p/[pid].js": 24
    },
    "usedIds": {
      "0": 0,
      "1": 1,
      "2": 2,
      "3": 3,
      "4": 4,
      "5": 5,
      "6": 6,
      "7": 7,
      "8": 8,
      "9": 9,
      "10": 10,
      "11": 11,
      "12": 12,
      "13": 13,
      "14": 14,
      "15": 15,
      "16": 16,
      "17": 17,
      "18": 18,
      "19": 19,
      "20": 20,
      "21": 21,
      "22": 22,
      "23": 23,
      "24": 24
    }
  },
  "chunks": {
    "byName": {
      "init-server.js": 0,
      "on-error-server.js": 1,
      "static\\1583746455493\\pages\\_app.js": 2,
      "static\\1583746455493\\pages\\_document.js": 3,
      "static\\1583746455493\\pages\\_error.js": 4,
      "static\\1583746455493\\pages\\admin\\lecture.js": 5,
      "static\\1583746455493\\pages\\admin\\lecture\\[pid]\\update.js": 6,
      "static\\1583746455493\\pages\\admin\\lecture\\new.js": 7,
      "static\\1583746455493\\pages\\admin\\login.js": 8,
      "static\\1583746455493\\pages\\admin\\p\\[pid]\\update.js": 9,
      "static\\1583746455493\\pages\\admin\\p\\list.js": 10,
      "static\\1583746455493\\pages\\admin\\p\\new.js": 11,
      "static\\1583746455493\\pages\\api\\board\\create.js": 12,
      "static\\1583746455493\\pages\\api\\board\\interest.js": 13,
      "static\\1583746455493\\pages\\api\\board\\list.js": 14,
      "static\\1583746455493\\pages\\api\\board\\list\\[limit].js": 15,
      "static\\1583746455493\\pages\\api\\board\\post\\[pid].js": 16,
      "static\\1583746455493\\pages\\api\\board\\related.js": 17,
      "static\\1583746455493\\pages\\api\\lecture\\create.js": 18,
      "static\\1583746455493\\pages\\api\\lecture\\list\\[limit].js": 19,
      "static\\1583746455493\\pages\\api\\lecture\\post\\[pid].js": 20,
      "static\\1583746455493\\pages\\api\\lecture\\related.js": 21,
      "static\\1583746455493\\pages\\api\\user\\login.js": 22,
      "static\\1583746455493\\pages\\api\\user\\logout.js": 23,
      "static\\1583746455493\\pages\\index.js": 24,
      "static\\1583746455493\\pages\\list.js": 25,
      "static\\1583746455493\\pages\\p\\[pid].js": 26,
      "static\\1583746539721\\pages\\_app.js": 27,
      "static\\1583746539721\\pages\\_document.js": 28,
      "static\\1583746539721\\pages\\_error.js": 29,
      "static\\1583746539721\\pages\\admin\\lecture.js": 30,
      "static\\1583746539721\\pages\\admin\\lecture\\[pid]\\update.js": 31,
      "static\\1583746539721\\pages\\admin\\lecture\\new.js": 32,
      "static\\1583746539721\\pages\\admin\\login.js": 33,
      "static\\1583746539721\\pages\\admin\\p\\[pid]\\update.js": 34,
      "static\\1583746539721\\pages\\admin\\p\\list.js": 35,
      "static\\1583746539721\\pages\\admin\\p\\new.js": 36,
      "static\\1583746539721\\pages\\api\\board\\create.js": 37,
      "static\\1583746539721\\pages\\api\\board\\interest.js": 38,
      "static\\1583746539721\\pages\\api\\board\\list.js": 39,
      "static\\1583746539721\\pages\\api\\board\\list\\[limit].js": 40,
      "static\\1583746539721\\pages\\api\\board\\post\\[pid].js": 41,
      "static\\1583746539721\\pages\\api\\board\\related.js": 42,
      "static\\1583746539721\\pages\\api\\lecture\\create.js": 43,
      "static\\1583746539721\\pages\\api\\lecture\\list\\[limit].js": 44,
      "static\\1583746539721\\pages\\api\\lecture\\post\\[pid].js": 45,
      "static\\1583746539721\\pages\\api\\lecture\\related.js": 46,
      "static\\1583746539721\\pages\\api\\user\\login.js": 47,
      "static\\1583746539721\\pages\\api\\user\\logout.js": 48,
      "static\\1583746539721\\pages\\index.js": 49,
      "static\\1583746539721\\pages\\list.js": 50,
      "static\\1583746539721\\pages\\p\\[pid].js": 51,
      "static\\1583747501882\\pages\\_app.js": 2,
      "static\\1583747501882\\pages\\_document.js": 3,
      "static\\1583747501882\\pages\\_error.js": 4,
      "static\\1583747501882\\pages\\admin\\lecture.js": 5,
      "static\\1583747501882\\pages\\admin\\lecture\\[pid]\\update.js": 6,
      "static\\1583747501882\\pages\\admin\\lecture\\new.js": 7,
      "static\\1583747501882\\pages\\admin\\login.js": 8,
      "static\\1583747501882\\pages\\admin\\p\\[pid]\\update.js": 9,
      "static\\1583747501882\\pages\\admin\\p\\list.js": 10,
      "static\\1583747501882\\pages\\admin\\p\\new.js": 11,
      "static\\1583747501882\\pages\\api\\board\\create.js": 12,
      "static\\1583747501882\\pages\\api\\board\\interest.js": 13,
      "static\\1583747501882\\pages\\api\\board\\list.js": 14,
      "static\\1583747501882\\pages\\api\\board\\list\\[limit].js": 15,
      "static\\1583747501882\\pages\\api\\board\\post\\[pid].js": 16,
      "static\\1583747501882\\pages\\api\\board\\related.js": 17,
      "static\\1583747501882\\pages\\api\\lecture\\create.js": 18,
      "static\\1583747501882\\pages\\api\\lecture\\list\\[limit].js": 19,
      "static\\1583747501882\\pages\\api\\lecture\\post\\[pid].js": 20,
      "static\\1583747501882\\pages\\api\\lecture\\related.js": 21,
      "static\\1583747501882\\pages\\api\\user\\login.js": 22,
      "static\\1583747501882\\pages\\api\\user\\logout.js": 23,
      "static\\1583747501882\\pages\\index.js": 24,
      "static\\1583747501882\\pages\\list.js": 25,
      "static\\1583747501882\\pages\\p\\[pid].js": 26,
      "static\\1583747829846\\pages\\_app.js": 27,
      "static\\1583747829846\\pages\\_document.js": 28,
      "static\\1583747829846\\pages\\_error.js": 29,
      "static\\1583747829846\\pages\\admin\\lecture.js": 30,
      "static\\1583747829846\\pages\\admin\\lecture\\[pid]\\update.js": 31,
      "static\\1583747829846\\pages\\admin\\lecture\\new.js": 32,
      "static\\1583747829846\\pages\\admin\\login.js": 33,
      "static\\1583747829846\\pages\\admin\\p\\[pid]\\update.js": 34,
      "static\\1583747829846\\pages\\admin\\p\\list.js": 35,
      "static\\1583747829846\\pages\\admin\\p\\new.js": 36,
      "static\\1583747829846\\pages\\api\\board\\create.js": 37,
      "static\\1583747829846\\pages\\api\\board\\interest.js": 38,
      "static\\1583747829846\\pages\\api\\board\\list.js": 39,
      "static\\1583747829846\\pages\\api\\board\\list\\[limit].js": 40,
      "static\\1583747829846\\pages\\api\\board\\post\\[pid].js": 41,
      "static\\1583747829846\\pages\\api\\board\\related.js": 42,
      "static\\1583747829846\\pages\\api\\lecture\\create.js": 43,
      "static\\1583747829846\\pages\\api\\lecture\\list\\[limit].js": 44,
      "static\\1583747829846\\pages\\api\\lecture\\post\\[pid].js": 45,
      "static\\1583747829846\\pages\\api\\lecture\\related.js": 46,
      "static\\1583747829846\\pages\\api\\user\\login.js": 47,
      "static\\1583747829846\\pages\\api\\user\\logout.js": 48,
      "static\\1583747829846\\pages\\index.js": 49,
      "static\\1583747829846\\pages\\list.js": 50,
      "static\\1583747829846\\pages\\p\\[pid].js": 51,
      "static\\1583747874285\\pages\\_app.js": 2,
      "static\\1583747874285\\pages\\_document.js": 3,
      "static\\1583747874285\\pages\\_error.js": 4,
      "static\\1583747874285\\pages\\admin\\lecture.js": 5,
      "static\\1583747874285\\pages\\admin\\lecture\\[pid]\\update.js": 6,
      "static\\1583747874285\\pages\\admin\\lecture\\new.js": 7,
      "static\\1583747874285\\pages\\admin\\login.js": 8,
      "static\\1583747874285\\pages\\admin\\p\\[pid]\\update.js": 9,
      "static\\1583747874285\\pages\\admin\\p\\list.js": 10,
      "static\\1583747874285\\pages\\admin\\p\\new.js": 11,
      "static\\1583747874285\\pages\\api\\board\\create.js": 12,
      "static\\1583747874285\\pages\\api\\board\\interest.js": 13,
      "static\\1583747874285\\pages\\api\\board\\list.js": 14,
      "static\\1583747874285\\pages\\api\\board\\list\\[limit].js": 15,
      "static\\1583747874285\\pages\\api\\board\\post\\[pid].js": 16,
      "static\\1583747874285\\pages\\api\\board\\related.js": 17,
      "static\\1583747874285\\pages\\api\\lecture\\create.js": 18,
      "static\\1583747874285\\pages\\api\\lecture\\list\\[limit].js": 19,
      "static\\1583747874285\\pages\\api\\lecture\\post\\[pid].js": 20,
      "static\\1583747874285\\pages\\api\\lecture\\related.js": 21,
      "static\\1583747874285\\pages\\api\\user\\login.js": 22,
      "static\\1583747874285\\pages\\api\\user\\logout.js": 23,
      "static\\1583747874285\\pages\\index.js": 24,
      "static\\1583747874285\\pages\\list.js": 25,
      "static\\1583747874285\\pages\\p\\[pid].js": 26,
      "static\\1583747893407\\pages\\_app.js": 27,
      "static\\1583747893407\\pages\\_document.js": 28,
      "static\\1583747893407\\pages\\_error.js": 29,
      "static\\1583747893407\\pages\\admin\\lecture.js": 30,
      "static\\1583747893407\\pages\\admin\\lecture\\[pid]\\update.js": 31,
      "static\\1583747893407\\pages\\admin\\lecture\\new.js": 32,
      "static\\1583747893407\\pages\\admin\\login.js": 33,
      "static\\1583747893407\\pages\\admin\\p\\[pid]\\update.js": 34,
      "static\\1583747893407\\pages\\admin\\p\\list.js": 35,
      "static\\1583747893407\\pages\\admin\\p\\new.js": 36,
      "static\\1583747893407\\pages\\api\\board\\create.js": 37,
      "static\\1583747893407\\pages\\api\\board\\interest.js": 38,
      "static\\1583747893407\\pages\\api\\board\\list.js": 39,
      "static\\1583747893407\\pages\\api\\board\\list\\[limit].js": 40,
      "static\\1583747893407\\pages\\api\\board\\post\\[pid].js": 41,
      "static\\1583747893407\\pages\\api\\board\\related.js": 42,
      "static\\1583747893407\\pages\\api\\lecture\\create.js": 43,
      "static\\1583747893407\\pages\\api\\lecture\\list\\[limit].js": 44,
      "static\\1583747893407\\pages\\api\\lecture\\post\\[pid].js": 45,
      "static\\1583747893407\\pages\\api\\lecture\\related.js": 46,
      "static\\1583747893407\\pages\\api\\user\\login.js": 47,
      "static\\1583747893407\\pages\\api\\user\\logout.js": 48,
      "static\\1583747893407\\pages\\index.js": 49,
      "static\\1583747893407\\pages\\list.js": 50,
      "static\\1583747893407\\pages\\p\\[pid].js": 51,
      "static\\1583747951547\\pages\\_app.js": 2,
      "static\\1583747951547\\pages\\_document.js": 3,
      "static\\1583747951547\\pages\\_error.js": 4,
      "static\\1583747951547\\pages\\admin\\lecture.js": 5,
      "static\\1583747951547\\pages\\admin\\lecture\\[pid]\\update.js": 6,
      "static\\1583747951547\\pages\\admin\\lecture\\new.js": 7,
      "static\\1583747951547\\pages\\admin\\login.js": 8,
      "static\\1583747951547\\pages\\admin\\p\\[pid]\\update.js": 9,
      "static\\1583747951547\\pages\\admin\\p\\list.js": 10,
      "static\\1583747951547\\pages\\admin\\p\\new.js": 11,
      "static\\1583747951547\\pages\\api\\board\\create.js": 12,
      "static\\1583747951547\\pages\\api\\board\\interest.js": 13,
      "static\\1583747951547\\pages\\api\\board\\list.js": 14,
      "static\\1583747951547\\pages\\api\\board\\list\\[limit].js": 15,
      "static\\1583747951547\\pages\\api\\board\\post\\[pid].js": 16,
      "static\\1583747951547\\pages\\api\\board\\related.js": 17,
      "static\\1583747951547\\pages\\api\\lecture\\create.js": 18,
      "static\\1583747951547\\pages\\api\\lecture\\list\\[limit].js": 19,
      "static\\1583747951547\\pages\\api\\lecture\\post\\[pid].js": 20,
      "static\\1583747951547\\pages\\api\\lecture\\related.js": 21,
      "static\\1583747951547\\pages\\api\\user\\login.js": 22,
      "static\\1583747951547\\pages\\api\\user\\logout.js": 23,
      "static\\1583747951547\\pages\\index.js": 24,
      "static\\1583747951547\\pages\\list.js": 25,
      "static\\1583747951547\\pages\\p\\[pid].js": 26,
      "static\\1583748203478\\pages\\_app.js": 27,
      "static\\1583748203478\\pages\\_document.js": 28,
      "static\\1583748203478\\pages\\_error.js": 29,
      "static\\1583748203478\\pages\\admin\\lecture.js": 30,
      "static\\1583748203478\\pages\\admin\\lecture\\[pid]\\update.js": 31,
      "static\\1583748203478\\pages\\admin\\lecture\\new.js": 32,
      "static\\1583748203478\\pages\\admin\\login.js": 33,
      "static\\1583748203478\\pages\\admin\\p\\[pid]\\update.js": 34,
      "static\\1583748203478\\pages\\admin\\p\\list.js": 35,
      "static\\1583748203478\\pages\\admin\\p\\new.js": 36,
      "static\\1583748203478\\pages\\api\\board\\create.js": 37,
      "static\\1583748203478\\pages\\api\\board\\interest.js": 38,
      "static\\1583748203478\\pages\\api\\board\\list.js": 39,
      "static\\1583748203478\\pages\\api\\board\\list\\[limit].js": 40,
      "static\\1583748203478\\pages\\api\\board\\post\\[pid].js": 41,
      "static\\1583748203478\\pages\\api\\board\\related.js": 42,
      "static\\1583748203478\\pages\\api\\lecture\\create.js": 43,
      "static\\1583748203478\\pages\\api\\lecture\\list\\[limit].js": 44,
      "static\\1583748203478\\pages\\api\\lecture\\post\\[pid].js": 45,
      "static\\1583748203478\\pages\\api\\lecture\\related.js": 46,
      "static\\1583748203478\\pages\\api\\user\\login.js": 47,
      "static\\1583748203478\\pages\\api\\user\\logout.js": 48,
      "static\\1583748203478\\pages\\index.js": 49,
      "static\\1583748203478\\pages\\list.js": 50,
      "static\\1583748203478\\pages\\p\\[pid].js": 51
    },
    "bySource": {},
    "usedIds": [
      0,
      1,
      27,
      28,
      29,
      30,
      31,
      32,
      33,
      34,
      35,
      36,
      37,
      38,
      39,
      40,
      41,
      42,
      43,
      44,
      45,
      46,
      47,
      48,
      49,
      50,
      51
    ]
  }
}