{
  "mini-css-extract-plugin ../../Choi hyunwon\\MyXD0227\\node_modules\\@zeit\\next-css\\node_modules\\css-loader\\index.js??ref--5-1!../../Choi hyunwon\\MyXD0227\\public\\css\\bootstrap.css": [
    {
      "modules": {
        "byIdentifier": {},
        "usedIds": {}
      },
      "chunks": {
        "byName": {
          "mini-css-extract-plugin": 0
        },
        "bySource": {},
        "usedIds": [
          0
        ]
      }
    }
  ],
  "mini-css-extract-plugin ../../Choi hyunwon\\MyXD0227\\node_modules\\@zeit\\next-css\\node_modules\\css-loader\\index.js??ref--5-1!../../Choi hyunwon\\MyXD0227\\public\\css\\style.css": [
    {
      "modules": {
        "byIdentifier": {},
        "usedIds": {}
      },
      "chunks": {
        "byName": {
          "mini-css-extract-plugin": 0
        },
        "bySource": {},
        "usedIds": [
          0
        ]
      }
    }
  ],
  "mini-css-extract-plugin ../../Choi hyunwon\\MyXD0227\\node_modules\\@zeit\\next-css\\node_modules\\css-loader\\index.js??ref--5-1!../../Choi hyunwon\\MyXD0227\\node_modules\\@fortawesome\\fontawesome-svg-core\\styles.css": [
    {
      "modules": {
        "byIdentifier": {},
        "usedIds": {}
      },
      "chunks": {
        "byName": {
          "mini-css-extract-plugin": 0
        },
        "bySource": {},
        "usedIds": [
          0
        ]
      }
    }
  ],
  "modules": {
    "byIdentifier": {
      "multi next-client-pages-loader?page=%2F_app&absolutePagePath=private-next-pages%2F_app.js! ../../Choi hyunwon\\MyXD0227\\node_modules\\next\\dist\\client\\router.js": 0,
      "css ../../Choi hyunwon\\MyXD0227\\node_modules\\@zeit\\next-css\\node_modules\\css-loader\\index.js??ref--5-1!../../Choi hyunwon\\MyXD0227\\public\\css\\bootstrap.css 0": 1,
      "css ../../Choi hyunwon\\MyXD0227\\node_modules\\@zeit\\next-css\\node_modules\\css-loader\\index.js??ref--5-1!../../Choi hyunwon\\MyXD0227\\node_modules\\@fortawesome\\fontawesome-svg-core\\styles.css 0": 2,
      "css ../../Choi hyunwon\\MyXD0227\\node_modules\\@zeit\\next-css\\node_modules\\css-loader\\index.js??ref--5-1!../../Choi hyunwon\\MyXD0227\\public\\css\\style.css 0": 3
    },
    "usedIds": {
      "0": 0,
      "1": 1,
      "2": 2,
      "3": 3
    }
  },
  "chunks": {
    "byName": {
      "commons": 0,
      "static/runtime/webpack.js": 1,
      "framework": 2,
      "71656dd1765b0bcaded814c63940604864ecf170": 3,
      "b3e13b45ece8acb4d7a623a25f4d63d9792aafc3": 4,
      "047f0d885f5cf2b504b20d6059a85ab0edd52313": 5,
      "87752b1d7ed9f67c5af1130d4d402b121ae8f35b": 6,
      "c943faba": 7,
      "e93c7ac7bfb075db8ea810edbe67bc6472c83ed7": 8,
      "484bcb1e": 9,
      "67e05b76ab2256a83197c5436bc142899cfd1675": 10,
      "ec1189df": 11,
      "5fc8bf79": 12,
      "static/runtime/main.js": 13,
      "static/runtime/polyfills.js": 14,
      "static\\1583746455493\\pages\\_app.js": 15,
      "static\\1583746455493\\pages\\_error.js": 16,
      "static\\1583746455493\\pages\\admin\\lecture.js": 17,
      "static\\1583746455493\\pages\\admin\\lecture\\[pid]\\update.js": 18,
      "static\\1583746455493\\pages\\admin\\lecture\\new.js": 19,
      "static\\1583746455493\\pages\\admin\\login.js": 20,
      "static\\1583746455493\\pages\\admin\\p\\[pid]\\update.js": 21,
      "static\\1583746455493\\pages\\admin\\p\\list.js": 22,
      "static\\1583746455493\\pages\\admin\\p\\new.js": 23,
      "static\\1583746455493\\pages\\index.js": 24,
      "static\\1583746455493\\pages\\list.js": 25,
      "static\\1583746455493\\pages\\p\\[pid].js": 26,
      "styles": 27,
      "ce8ddbe9ad4ecd635d5b03a30d165691deeb3d76": 28,
      "e0db78b64a187ed8fc5c693aef9d9f50bb54f096": 29,
      "ecd83fdaeba98822defcec6dff73378f01a478f9": 30,
      "5df2d0292b37609fc90f91f93f76d18aac0543ff": 31,
      "99c9b75b672ff6128172d161d6003b18ebad2e7d": 32,
      "c3f2b9ca974657d5a3b669f732c83b03822c33bd": 33,
      "static\\1583746539721\\pages\\_app.js": 34,
      "static\\1583746539721\\pages\\_error.js": 35,
      "static\\1583746539721\\pages\\admin\\lecture.js": 36,
      "static\\1583746539721\\pages\\admin\\lecture\\[pid]\\update.js": 37,
      "static\\1583746539721\\pages\\admin\\lecture\\new.js": 38,
      "static\\1583746539721\\pages\\admin\\login.js": 39,
      "static\\1583746539721\\pages\\admin\\p\\[pid]\\update.js": 40,
      "static\\1583746539721\\pages\\admin\\p\\list.js": 41,
      "static\\1583746539721\\pages\\admin\\p\\new.js": 42,
      "static\\1583746539721\\pages\\index.js": 43,
      "static\\1583746539721\\pages\\list.js": 44,
      "static\\1583746539721\\pages\\p\\[pid].js": 45,
      "b938fd469f83b2b815cc04e4b1ce4060c12fff9f": 3,
      "3e06bbd389a3c39bf4ab398669cc070a0fcb035d": 4,
      "a1079b13179bec40d4a81d770e315582934cd3ae": 5,
      "46a75b72a559e8e94e4ceb5c59b64e4e54a6729a": 6,
      "4a0c7bd3163fed67b5597e5bce1e519e02aed774": 8,
      "731e00643ffdfe19424511183f09f94141e30d30": 10,
      "static\\1583747501882\\pages\\_app.js": 15,
      "static\\1583747501882\\pages\\_error.js": 16,
      "static\\1583747501882\\pages\\admin\\lecture.js": 17,
      "static\\1583747501882\\pages\\admin\\lecture\\[pid]\\update.js": 18,
      "static\\1583747501882\\pages\\admin\\lecture\\new.js": 19,
      "static\\1583747501882\\pages\\admin\\login.js": 20,
      "static\\1583747501882\\pages\\admin\\p\\[pid]\\update.js": 21,
      "static\\1583747501882\\pages\\admin\\p\\list.js": 22,
      "static\\1583747501882\\pages\\admin\\p\\new.js": 23,
      "static\\1583747501882\\pages\\index.js": 24,
      "static\\1583747501882\\pages\\list.js": 25,
      "static\\1583747501882\\pages\\p\\[pid].js": 26,
      "b378a6afd95b75273cee983d42120f21a008bf6b": 28,
      "3001f86b9e3f7a41538b0ccaf3bd9fc8b7672717": 29,
      "711e86545f0030858b6aa450a4282c3f1356bad0": 30,
      "aded52937064b6784a4762fdc0d95ab5c3b2ee33": 31,
      "d021ce969c75427267035362e2faf2ee5b7a8535": 32,
      "66365e542d3dd40faa5ad5590affd5f66d1c40a5": 33,
      "static\\1583747829846\\pages\\_app.js": 34,
      "static\\1583747829846\\pages\\_error.js": 35,
      "static\\1583747829846\\pages\\admin\\lecture.js": 36,
      "static\\1583747829846\\pages\\admin\\lecture\\[pid]\\update.js": 37,
      "static\\1583747829846\\pages\\admin\\lecture\\new.js": 38,
      "static\\1583747829846\\pages\\admin\\login.js": 39,
      "static\\1583747829846\\pages\\admin\\p\\[pid]\\update.js": 40,
      "static\\1583747829846\\pages\\admin\\p\\list.js": 41,
      "static\\1583747829846\\pages\\admin\\p\\new.js": 42,
      "static\\1583747829846\\pages\\index.js": 43,
      "static\\1583747829846\\pages\\list.js": 44,
      "static\\1583747829846\\pages\\p\\[pid].js": 45,
      "f9455131354cde7ec11911eaab9016d3d7bee375": 3,
      "3b05fa6fccddf2793ec543aa54afa35587d4223c": 4,
      "81bff0626147041699e1fe14209b4e3d077d5781": 5,
      "b19a5f8f8cff827e1055a6cf262375b3aa52babd": 6,
      "dd59ee4137eeb05a5b69fc893556176bf35bb5fd": 8,
      "1bfd54508cd1f97ae43b83e22715d6c2eae0e693": 10,
      "static\\1583747874285\\pages\\_app.js": 15,
      "static\\1583747874285\\pages\\_error.js": 16,
      "static\\1583747874285\\pages\\admin\\lecture.js": 17,
      "static\\1583747874285\\pages\\admin\\lecture\\[pid]\\update.js": 18,
      "static\\1583747874285\\pages\\admin\\lecture\\new.js": 19,
      "static\\1583747874285\\pages\\admin\\login.js": 20,
      "static\\1583747874285\\pages\\admin\\p\\[pid]\\update.js": 21,
      "static\\1583747874285\\pages\\admin\\p\\list.js": 22,
      "static\\1583747874285\\pages\\admin\\p\\new.js": 23,
      "static\\1583747874285\\pages\\index.js": 24,
      "static\\1583747874285\\pages\\list.js": 25,
      "static\\1583747874285\\pages\\p\\[pid].js": 26,
      "ba4441df502941d7bb6660b9c82e3e6942edf9ae": 28,
      "ccafdf23dbd88e2f5019baf1f776f76d30caddf0": 29,
      "5a27c12c9c6a0fceebf71c71d7583ae9a25e39ed": 30,
      "6672744dcfa0192fa23ff6dcde311eb9ce59b560": 31,
      "8473336882851b4d312b2aa8ee249715928abec5": 32,
      "27cc6d53688c98d6dcdf06950152d6157a3659e2": 33,
      "static\\1583747893407\\pages\\_app.js": 34,
      "static\\1583747893407\\pages\\_error.js": 35,
      "static\\1583747893407\\pages\\admin\\lecture.js": 36,
      "static\\1583747893407\\pages\\admin\\lecture\\[pid]\\update.js": 37,
      "static\\1583747893407\\pages\\admin\\lecture\\new.js": 38,
      "static\\1583747893407\\pages\\admin\\login.js": 39,
      "static\\1583747893407\\pages\\admin\\p\\[pid]\\update.js": 40,
      "static\\1583747893407\\pages\\admin\\p\\list.js": 41,
      "static\\1583747893407\\pages\\admin\\p\\new.js": 42,
      "static\\1583747893407\\pages\\index.js": 43,
      "static\\1583747893407\\pages\\list.js": 44,
      "static\\1583747893407\\pages\\p\\[pid].js": 45,
      "ae793de56b5a38f99df369b51125abd070a066e1": 3,
      "f2d92b5a2cbcb4251c5f228dcaf461ade1145d35": 4,
      "53fe02741e4b2177672ae4574bc46d71ee724b54": 5,
      "3893a2fd384cb4a3b1e9461884859e446a1d0b9f": 6,
      "4b5c01169c160a16f13e8bb8ee281edf8c0721e3": 8,
      "94331c0460a12323fa7443a3a7cf6845f23c734e": 10,
      "static\\1583747951547\\pages\\_app.js": 15,
      "static\\1583747951547\\pages\\_error.js": 16,
      "static\\1583747951547\\pages\\admin\\lecture.js": 17,
      "static\\1583747951547\\pages\\admin\\lecture\\[pid]\\update.js": 18,
      "static\\1583747951547\\pages\\admin\\lecture\\new.js": 19,
      "static\\1583747951547\\pages\\admin\\login.js": 20,
      "static\\1583747951547\\pages\\admin\\p\\[pid]\\update.js": 21,
      "static\\1583747951547\\pages\\admin\\p\\list.js": 22,
      "static\\1583747951547\\pages\\admin\\p\\new.js": 23,
      "static\\1583747951547\\pages\\index.js": 24,
      "static\\1583747951547\\pages\\list.js": 25,
      "static\\1583747951547\\pages\\p\\[pid].js": 26,
      "7c67a201e5841ae0957016a5e1828ae1505b144f": 28,
      "21d71fcaea6cf99d36ad198cf391fc779774bc35": 29,
      "a157c0e44690f6f15b653ce0a7866e144b995a44": 30,
      "0a04fd106324d9251def3f4e06bd90b0d78148a1": 31,
      "aa20eea35fb9ebb3ad1f4b55375bde5106e201f3": 32,
      "ff242847ec945b472e3f60f6c2160c5681926d7f": 33,
      "static\\1583748203478\\pages\\_app.js": 34,
      "static\\1583748203478\\pages\\_error.js": 35,
      "static\\1583748203478\\pages\\admin\\lecture.js": 36,
      "static\\1583748203478\\pages\\admin\\lecture\\[pid]\\update.js": 37,
      "static\\1583748203478\\pages\\admin\\lecture\\new.js": 38,
      "static\\1583748203478\\pages\\admin\\login.js": 39,
      "static\\1583748203478\\pages\\admin\\p\\[pid]\\update.js": 40,
      "static\\1583748203478\\pages\\admin\\p\\list.js": 41,
      "static\\1583748203478\\pages\\admin\\p\\new.js": 42,
      "static\\1583748203478\\pages\\index.js": 43,
      "static\\1583748203478\\pages\\list.js": 44,
      "static\\1583748203478\\pages\\p\\[pid].js": 45
    },
    "bySource": {},
    "usedIds": [
      0,
      1,
      11,
      12,
      13,
      14,
      2,
      27,
      28,
      29,
      30,
      31,
      32,
      33,
      34,
      35,
      36,
      37,
      38,
      39,
      40,
      41,
      42,
      43,
      44,
      45,
      7,
      9
    ]
  }
}